{
  "ih": [
    [-5.7137950322350317, -6.4034494789191632],
    [5.909312284371909, 6.2648932614631958]
  ],
  "ho": [
    [-9.2859113091089256, 1.0608273873808928e-311]
  ],
  "bh": [2.862361535431845, -3.3877939265597981],
  "bo": [4.4220241051269173]
}
